{"cameraMode":{"drawMode":0,"name":"Shaded","section":"Shading Mode"},"sceneLighting":true,"audioPlay":false,"sceneViewState":{"m_AlwaysRefresh":false,"showFog":true,"showSkybox":true,"showFlares":true,"showImageEffects":true,"showParticleSystems":true,"showVisualEffectGraphs":true,"m_FxEnabled":true},"in2DMode":false,"pivot":{"x":5.4687371253967289,"y":2.2722840309143068,"z":11.458138465881348},"rotation":{"x":0.1570684313774109,"y":-0.28686702251434328,"z":0.04811057075858116,"w":0.9438813924789429},"size":4.374435901641846,"orthographic":false}