{"cameraMode":{"drawMode":0,"name":"Shaded","section":"Shading Mode"},"sceneLighting":true,"audioPlay":false,"sceneViewState":{"m_AlwaysRefresh":false,"showFog":true,"showSkybox":true,"showFlares":true,"showImageEffects":true,"showParticleSystems":true,"showVisualEffectGraphs":true,"m_FxEnabled":true},"in2DMode":false,"pivot":{"x":-1.959096074104309,"y":1.6802177429199219,"z":0.39066123962402346},"rotation":{"x":-0.3294641375541687,"y":0.03680170327425003,"z":-0.012852082028985024,"w":-0.9433656930923462},"size":7.09092903137207,"orthographic":false}